{"stats":{"minecraft:killed_by":{"iceandfire:ice_dragon":2},"minecraft:custom":{"minecraft:mob_kills":113,"minecraft:interact_with_crafting_table":2,"minecraft:open_barrel":5,"minecraft:leave_game":16,"minecraft:time_since_death":27684,"minecraft:climb_one_cm":1703,"minecraft:damage_resisted":74354,"minecraft:sprint_one_cm":264466,"minecraft:walk_one_cm":97314,"minecraft:drop":53,"minecraft:play_time":100079,"minecraft:deaths":2,"minecraft:sneak_time":1331,"minecraft:walk_under_water_one_cm":22160,"minecraft:boat_one_cm":126855,"minecraft:jump":3229,"minecraft:walk_on_water_one_cm":22783,"minecraft:total_world_time":100079,"minecraft:sleep_in_bed":3,"minecraft:time_since_rest":12838,"minecraft:waystone_activated":14,"minecraft:damage_taken":1870,"minecraft:damage_dealt":16461,"minecraft:swim_one_cm":32027,"minecraft:fly_one_cm":659600,"minecraft:open_chest":45,"minecraft:crouch_one_cm":4429,"minecraft:fall_one_cm":103731},"minecraft:dropped":{"iceandfire:raw_silver":7,"minecraft:wheat_seeds":1,"minecraft:diamond":3,"minecraft:crafting_table":1,"minecraft:feather":3,"iceandfire:frozen_dirt":2,"minecraft:book":6,"minecraft:granite":8,"minecraft:chainmail_helmet":1,"minecraft:coal":8,"minecraft:flint":5,"minecraft:packed_ice":2,"minecraft:gold_nugget":18,"create:raw_zinc":2,"iceandfire:frozen_cobblestone":5,"minecraft:bone":21,"iceandfire:silver_nugget":64,"alexsmobs:maggot":2,"minecraft:stone_sword":1,"minecraft:cobbled_deepslate":2,"minecraft:tuff":8,"iceandfire:witherbone":5,"minecraft:rotten_flesh":31,"minecraft:oak_planks":20,"iceandfire:frozen_stone":3,"iceandfire:dragonbone_sword_ice":1,"minecraft:deepslate_bricks":2,"iceandfire:dragon_ice":1,"minecraft:gunpowder":19,"minecraft:golden_leggings":1,"minecraft:leather_leggings":1,"minecraft:bow":1},"minecraft:used":{"minecraft:oak_fence":1,"minecraft:netherite_sword":147,"minecraft:dirt":18,"iceandfire:frozen_stone":2,"iceandfire:frozen_grass":2,"minecraft:tuff":2,"minecraft:bow":139,"iceandfire:frozen_cobblestone":2,"minecraft:cobbled_deepslate":74,"minecraft:water_bucket":7,"minecraft:oak_planks":11,"minecraft:baked_potato":45,"travelersbackpack:wither":5,"iceandfire:dragonbone_sword_ice":6,"minecraft:diamond_axe":23,"iceandfire:frozen_dirt":7,"minecraft:crafting_table":1,"waystones:waystone":2,"minecraft:diamond_pickaxe":287,"minecraft:diamond_shovel":6,"minecraft:diamond_sword":24,"minecraft:cobblestone":107,"minecraft:bucket":7,"minecraft:andesite":3,"minecraft:oak_boat":1,"minecraft:experience_bottle":5},"minecraft:picked_up":{"minecraft:charcoal":2,"minecraft:crafting_table":1,"iceandfire:witherbone":5,"minecraft:ladder":4,"minecraft:prismarine_shard":12,"minecraft:leather_leggings":1,"artifacts:bunny_hoppers":1,"minecraft:packed_ice":2,"minecraft:cooked_rabbit":8,"iceandfire:frozen_cobblestone":7,"iceandfire:frozen_grass":2,"iceandfire:manuscript":6,"iceandfire:frozen_stone":10,"minecraft:cobbled_deepslate":76,"minecraft:diamond_leggings":1,"bosses_of_mass_destruction:soul_star":1,"minecraft:gold_nugget":29,"minecraft:netherite_sword":1,"iceandfire:frost_lily":1,"minecraft:calcite":4,"iceandfire:frozen_gravel":1,"minecraft:chest":3,"iceandfire:ice_dragon_heart":1,"minecraft:stick":2,"minecraft:raw_iron":7,"iceandfire:ghost_chest":1,"iceandfire:dragonbone":31,"iceandfire:troll_tusk":3,"minecraft:oak_fence":1,"minecraft:diorite":8,"minecraft:prismarine_crystals":13,"iceandfire:dragon_skull_ice":1,"minecraft:stone_sword":1,"minecraft:arrow":138,"minecraft:rotten_flesh":44,"iceandfire:dragonscales_silver":92,"minecraft:deepslate_bricks":2,"minecraft:gold_ingot":10,"minecraft:skeleton_skull":1,"minecraft:cobblestone":110,"iceandfire:sapphire_gem":4,"minecraft:feather":3,"minecraft:water_bucket":1,"minecraft:andesite":3,"minecraft:golden_leggings":1,"minecraft:flint":5,"minecraft:tuff":10,"create:raw_zinc":2,"minecraft:oak_log":10,"iceandfire:ectoplasm":6,"minecraft:gunpowder":20,"minecraft:lapis_lazuli":32,"minecraft:dirt":18,"iceandfire:dragonbone_sword_ice":1,"minecraft:bone":48,"iceandfire:troll_leather_frost":6,"minecraft:bow":2,"minecraft:wheat_seeds":1,"alexsmobs:cockroach_wing_fragment":1,"minecraft:rabbit_hide":4,"minecraft:iron_ingot":31,"minecraft:cobweb":11,"minecraft:book":6,"minecraft:smooth_basalt":2,"iceandfire:shiny_scales":13,"travelersbackpack:wither":2,"artifacts:scarf_of_invisibility":1,"iceandfire:frozen_dirt":9,"minecraft:diamond":5,"waystones:waystone":2,"iceandfire:dragon_ice":1,"minecraft:granite":12,"iceandfire:ice_dragon_flesh":10,"minecraft:emerald":1,"minecraft:chainmail_helmet":1,"alexsmobs:maggot":2,"minecraft:coal":8,"iceandfire:silver_nugget":76,"iceandfire:raw_silver":7},"minecraft:killed":{"minecraft:zombified_piglin":14,"minecraft:witch":1,"minecraft:spider":2,"enemyexpansion:equestrian":1,"enemyexpansion:direwolf":6,"theabyss:glow_pug":4,"minecraft:skeleton":5,"enemyexpansion:faller":1,"iceandfire:siren":2,"minecraft:chicken":1,"artifacts:mimic":1,"iceandfire:troll":1,"minecraft:rabbit":2,"enemyexpansion:sprinter":6,"minecraft:creeper":1,"minecraft:zombie":25,"iceandfire:ghost":2,"enemyexpansion:vampire":2,"enemyexpansion:botfly":8,"enemyexpansion:huntsman":1,"iceandfire:ice_dragon":1,"minecraft:wither_skeleton":15,"enemyexpansion:slugger":3},"minecraft:mined":{"create:deepslate_zinc_ore":2,"minecraft:tuff":6,"iceandfire:silver_ore":2,"minecraft:deepslate_diamond_ore":1,"iceandfire:frozen_cobblestone":4,"minecraft:ladder":4,"gravestone:gravestone":2,"minecraft:granite":4,"iceandfire:frozen_stone":7,"minecraft:grass_block":13,"iceandfire:frozen_grass":2,"iceandfire:deepslate_silver_ore":1,"iceandfire:dragon_ice":1,"minecraft:iron_ore":3,"minecraft:cobbled_deepslate":2,"minecraft:andesite":3,"minecraft:deepslate_lapis_ore":2,"travelersbackpack:wither":1,"minecraft:bookshelf":2,"minecraft:vine":1,"minecraft:stone":109,"minecraft:snow_block":4,"minecraft:oak_fence":1,"iceandfire:frozen_gravel":1,"minecraft:crafting_table":1,"iceandfire:dragon_ice_spikes":32,"minecraft:calcite":4,"iceandfire:ghost_chest":1,"minecraft:campfire":1,"iceandfire:frozen_dirt":9,"iceandfire:sapphire_ore":1,"minecraft:tall_grass":5,"minecraft:lapis_ore":1,"minecraft:diorite":8,"minecraft:amethyst_block":5,"minecraft:birch_leaves":1,"minecraft:grass":4,"minecraft:oak_log":11,"iceandfire:silver_pile":1,"minecraft:gravel":5,"minecraft:dirt":6,"minecraft:smooth_basalt":2,"minecraft:oak_leaves":1,"minecraft:deepslate":63},"minecraft:broken":{"minecraft:diamond_chestplate":1,"minecraft:diamond_helmet":1,"minecraft:diamond_leggings":1,"minecraft:diamond_boots":1},"minecraft:crafted":{"minecraft:oak_planks":40,"iceandfire:armor_silver_boots":1,"iceandfire:armor_silver_chestplate":1,"iceandfire:armor_silver_leggings":1,"minecraft:crafting_table":1,"minecraft:oak_boat":1,"iceandfire:armor_silver_helmet":1}},"DataVersion":3465}