{"stats":{"minecraft:mined":{"iceandfire:graveyard_soil":2,"minecraft:obsidian":1,"gravestone:gravestone":7,"iceandfire:frozen_stone":1,"minecraft:grass_block":20,"iceandfire:lectern":2,"minecraft:spruce_leaves":5,"iceandfire:dragon_ice":4,"minecraft:kelp":2,"minecraft:large_fern":1,"minecraft:fire":3,"minecraft:bookshelf":6,"minecraft:vine":1,"minecraft:iron_bars":2,"iceandfire:frost_lily":2,"minecraft:stone":18,"minecraft:kelp_plant":10,"alexscaves:cooked_dinosaur_chop":3,"iceandfire:dragon_ice_spikes":30,"iceandfire:frozen_dirt":4,"minecraft:tall_grass":1,"minecraft:ice":1,"minecraft:spruce_log":2,"minecraft:grass":4,"minecraft:oak_log":3,"minecraft:dirt":9,"travelersbackpack:quartz":1,"minecraft:netherrack":4,"iceandfire:dread_stone_bricks":4,"minecraft:oak_leaves":2,"minecraft:fern":1},"minecraft:custom":{"minecraft:interact_with_anvil":6,"minecraft:mob_kills":503,"minecraft:interact_with_crafting_table":19,"minecraft:leave_game":11,"minecraft:time_since_death":1390,"minecraft:climb_one_cm":304,"minecraft:sprint_one_cm":255610,"minecraft:walk_one_cm":220534,"minecraft:drop":66,"minecraft:play_time":175087,"minecraft:deaths":16,"minecraft:sneak_time":6423,"minecraft:walk_under_water_one_cm":48590,"minecraft:jump":2199,"minecraft:walk_on_water_one_cm":25310,"minecraft:total_world_time":175087,"minecraft:traded_with_villager":167,"minecraft:interact_with_loom":4,"minecraft:interact_with_grindstone":1,"minecraft:time_since_rest":1603,"minecraft:waystone_activated":15,"minecraft:damage_taken":7308,"minecraft:trigger_trapped_chest":2,"minecraft:damage_dealt":36863,"minecraft:swim_one_cm":108756,"minecraft:fly_one_cm":478783,"minecraft:player_kills":1,"minecraft:open_chest":99,"minecraft:crouch_one_cm":8605,"minecraft:fall_one_cm":63086},"minecraft:dropped":{"minecraft:iron_ingot":18,"minecraft:oak_slab":4,"minecraft:wheat_seeds":1,"minecraft:golden_helmet":2,"minecraft:dark_oak_sapling":1,"minecraft:prismarine_shard":2,"minecraft:feather":4,"minecraft:coal":8,"minecraft:leather_helmet":1,"iceandfire:graveyard_soil":2,"minecraft:dirt":1,"gravestone:obituary":21,"minecraft:gold_nugget":14,"minecraft:chainmail_leggings":1,"minecraft:birch_log":3,"minecraft:gold_ingot":1,"minecraft:bone":89,"iceandfire:silver_nugget":22,"minecraft:kelp":9,"minecraft:stone_sword":1,"minecraft:birch_sapling":1,"iceandfire:witherbone":7,"minecraft:rotten_flesh":61,"minecraft:oak_planks":6,"minecraft:potato":2,"iceandfire:copper_sword":1,"minecraft:leather_boots":1,"minecraft:golden_leggings":1,"minecraft:leather_leggings":1,"minecraft:arrow":2,"minecraft:bow":2,"biomancy:withered_mob_marrow":14,"biomancy:mob_claw":5},"minecraft:killed":{"minecraft:zombified_piglin":61,"minecraft:witch":1,"alexsmobs:raccoon":2,"enemyexpansion:equestrian":1,"minecraft:spider":2,"alexscaves:raycat":2,"alexsmobs:seagull":1,"enemyexpansion:direwolf":1,"theabyss:glow_pug":34,"minecraft:skeleton":33,"iceandfire:dread_knight":27,"iceandfire:dread_thrall":19,"iceandfire:siren":1,"iceandfire:hippocampus":1,"minecraft:rabbit":1,"enemyexpansion:sprinter":46,"enemyexpansion:meature":2,"minecraft:zombie":90,"iceandfire:ghost":22,"minecraft:stray":1,"enemyexpansion:botfly":41,"minecraft:wither_skeleton":55,"iceandfire:sea_serpent":1,"enemyexpansion:slugger":26},"minecraft:crafted":{"minecraft:oak_planks":12,"iceandfire:frost_stew":2,"minecraft:bookshelf":4,"minecraft:oak_slab":12,"minecraft:diamond_sword":1,"minecraft:emerald":156,"minecraft:crafting_table":1,"minecraft:spruce_planks":8,"minecraft:bowl":4,"minecraft:brewing_stand":1,"minecraft:enchanted_book":7,"minecraft:air":0,"minecraft:lectern":2,"minecraft:iron_ingot":1152},"minecraft:used":{"iceandfire:lectern":1,"minecraft:stone":8,"minecraft:netherrack":35,"minecraft:brewing_stand":1,"minecraft:dirt":4,"minecraft:diamond_helmet":1,"minecraft:bookshelf":2,"minecraft:diamond_chestplate":1,"minecraft:diamond_boots":1,"minecraft:baked_potato":64,"iceandfire:dread_knight_sword":84,"minecraft:diamond_axe":13,"minecraft:crafting_table":1,"travelersbackpack:quartz":2,"bosses_of_mass_destruction:soul_star":7,"biomancy:primordial_cradle":1,"minecraft:diamond_pickaxe":71,"minecraft:diamond_shovel":8,"minecraft:diamond_sword":438,"minecraft:cobblestone":6,"minecraft:diamond_leggings":1,"iceandfire:dread_stone_bricks_cracked":2},"minecraft:killed_by":{"minecraft:player":2,"iceandfire:dread_scuttler":1,"iceandfire:dread_knight":2,"iceandfire:ice_dragon":6,"minecraft:skeleton":1,"alexscaves:brainiac":4},"minecraft:picked_up":{"iceandfire:dread_stone_bricks":1,"iceandfire:dragon_skull_lightning":1,"iceandfire:witherbone":8,"minecraft:chainmail_boots":1,"minecraft:prismarine_shard":4,"minecraft:leather_leggings":1,"minecraft:enchanted_book":1,"gravestone:obituary":13,"iceandfire:frozen_stone":1,"travelersbackpack:quartz":1,"iceandfire:ghost_ingot":1,"iceandfire:graveyard_soil":2,"iceandfire:bestiary":1,"biomancy:mob_fang":10,"minecraft:gold_nugget":5,"bosses_of_mass_destruction:soul_star":5,"iceandfire:frost_lily":2,"iceandfire:dread_knight_sword":2,"biomancy:mob_claw":5,"biomancy:primordial_core":2,"minecraft:birch_sapling":1,"iceandfire:ice_dragon_heart":1,"minecraft:golden_helmet":3,"minecraft:dark_oak_sapling":1,"iceandfire:dragonbone":9,"minecraft:stone":11,"minecraft:porkchop":16,"minecraft:diorite":4,"minecraft:prismarine_crystals":3,"iceandfire:dragon_skull_ice":1,"minecraft:stone_sword":2,"minecraft:arrow":21,"minecraft:rotten_flesh":90,"minecraft:gold_ingot":1,"minecraft:obsidian":1,"minecraft:iron_bars":2,"minecraft:cobblestone":6,"minecraft:birch_log":3,"endrem:cursed_eye":1,"minecraft:feather":13,"iceandfire:sea_serpent_fang":5,"minecraft:golden_leggings":1,"minecraft:potato":2,"minecraft:oak_log":3,"iceandfire:ectoplasm":22,"iceandfire:dread_stone_bricks_cracked":2,"iceandfire:dragonscales_blue":7,"minecraft:dirt":27,"biomancy:withered_mob_marrow":14,"minecraft:leather_boots":1,"minecraft:bone":103,"minecraft:kelp":9,"minecraft:bow":3,"minecraft:wheat_seeds":1,"minecraft:iron_ingot":16,"alexscaves:radrock":5,"minecraft:soul_sand":3,"minecraft:book":18,"iceandfire:dragon_ice_spikes":22,"iceandfire:sea_serpent_scales_green":11,"iceandfire:shiny_scales":6,"minecraft:spruce_sapling":2,"minecraft:spruce_log":2,"iceandfire:frozen_dirt":4,"minecraft:leather_helmet":1,"minecraft:diamond_shovel":1,"minecraft:diamond":2,"minecraft:chainmail_leggings":1,"iceandfire:lectern":2,"artifacts:crystal_heart":1,"waystones:waystone":1,"iceandfire:dragon_ice":4,"iceandfire:ice_dragon_flesh":3,"minecraft:netherrack":35,"iceandfire:silver_nugget":22,"minecraft:coal":15}},"DataVersion":3465}