{"stats":{"minecraft:used":{"minecraft:bone_block":2,"minecraft:shield":17,"minecraft:iron_sword":25,"minecraft:stone":3,"alexscaves:thornwood_wood":1,"minecraft:soul_sand":55,"minecraft:obsidian":7,"alexscaves:acid_bucket":23,"minecraft:lava_bucket":3,"minecraft:packed_mud":19,"bygonenether:cobbled_blackstone":1,"minecraft:polished_blackstone_stairs":1,"minecraft:wither_skeleton_skull":2,"minecraft:oak_planks":1,"iceandfire:dread_stone_bricks":23,"minecraft:sugar_cane":1,"minecraft:diamond_axe":45,"minecraft:golden_apple":1,"minecraft:smooth_red_sandstone":3,"waystones:waystone":2,"minecraft:red_sandstone":30,"minecraft:red_terracotta":3,"minecraft:diamond_sword":17,"minecraft:smooth_red_sandstone_slab":1,"minecraft:netherite_sword":515,"minecraft:polished_blackstone_brick_slab":2,"alexscaves:forsaken_idol":3,"minecraft:netherrack":554,"minecraft:dirt":26,"alexscaves:limestone_spear":1,"alexscaves:coprolith":5,"minecraft:bookshelf":1,"minecraft:water_bucket":83,"minecraft:baked_potato":188,"minecraft:birch_boat":1,"iceandfire:dread_knight_sword":332,"iceandfire:dragon_skull_lightning":3,"minecraft:deepslate_bricks":1,"minecraft:polished_blackstone_bricks":51,"minecraft:terracotta":1,"minecraft:crafting_table":1,"minecraft:diamond_pickaxe":2092,"minecraft:diamond_shovel":102,"minecraft:iron_pickaxe":10,"alexscaves:porous_coprolith":3,"minecraft:crimson_nylium":1,"minecraft:cobblestone":1,"travelersbackpack:standard":2,"minecraft:bucket":112,"alexscaves:radrock":2,"iceandfire:dread_stone_bricks_cracked":18},"minecraft:mined":{"alexscaves:guanostone":44,"alexscaves:forsaken_idol":3,"minecraft:chiseled_polished_blackstone":1,"minecraft:grass_block":18,"minecraft:cracked_polished_blackstone_bricks":46,"iceandfire:dread_spawner":3,"minecraft:polished_blackstone_brick_slab":13,"alexscaves:coprolith":41,"minecraft:nether_wart":2,"minecraft:gilded_blackstone":16,"minecraft:spawner":8,"minecraft:polished_blackstone_bricks":163,"minecraft:magma_block":2,"minecraft:sticky_piston":1,"minecraft:fire":35,"minecraft:smooth_red_sandstone":3,"minecraft:iron_bars":16,"alexscaves:underweed":1,"iceandfire:dread_stone_bricks_cracked":41,"minecraft:spruce_slab":1,"alexscaves:amber":2,"minecraft:blackstone":98,"alexscaves:thornwood_wood":2,"alexscaves:peering_coprolith":3,"minecraft:chest":21,"create:scoria":2,"minecraft:mushroom_stem":3,"minecraft:nether_quartz_ore":3,"minecraft:cobblestone":4,"alexscaves:thornwood_planks":1,"minecraft:blue_terracotta":2,"minecraft:birch_log":3,"minecraft:grass":8,"iceandfire:dread_stone_bricks_mossy":7,"minecraft:oak_log":2,"minecraft:dirt":64,"minecraft:smooth_basalt":3,"minecraft:cut_red_sandstone":5,"minecraft:netherrack":818,"minecraft:ancient_debris":4,"minecraft:oak_leaves":3,"iceandfire:dread_stone_bricks":28,"minecraft:nether_gold_ore":4,"alexscaves:radrock":1,"gravestone:gravestone":13,"minecraft:dark_oak_fence":1,"alexscaves:thornwood_branch":8,"minecraft:packed_mud":18,"minecraft:red_sandstone":47,"minecraft:snow":11,"create:scorchia":1,"minecraft:gold_block":69,"minecraft:bookshelf":1,"minecraft:stone":28,"minecraft:soul_sand":32,"minecraft:basalt":436,"minecraft:polished_blackstone_brick_wall":10,"minecraft:tall_grass":4,"minecraft:smooth_red_sandstone_slab":1,"minecraft:polished_blackstone_brick_stairs":17,"minecraft:diorite":5,"minecraft:spruce_stairs":1,"minecraft:red_terracotta":1,"minecraft:polished_blackstone_stairs":3,"minecraft:ice":60,"alexscaves:thornwood_log":5,"minecraft:coal_ore":2,"minecraft:cobweb":1,"minecraft:terracotta":1,"minecraft:polished_blackstone":8},"minecraft:custom":{"minecraft:interact_with_crafting_table":19,"minecraft:open_barrel":4,"minecraft:leave_game":9,"minecraft:time_since_death":154163,"minecraft:damage_resisted":409,"minecraft:sprint_one_cm":482352,"minecraft:damage_blocked_by_shield":675,"minecraft:drop":403,"minecraft:play_time":257820,"minecraft:deaths":13,"minecraft:jump":6469,"minecraft:walk_on_water_one_cm":35371,"minecraft:interact_with_furnace":3,"minecraft:traded_with_villager":15,"minecraft:waystone_activated":10,"minecraft:damage_dealt":69616,"minecraft:player_kills":3,"minecraft:crouch_one_cm":88433,"minecraft:interact_with_smithing_table":2,"minecraft:interact_with_anvil":23,"minecraft:mob_kills":868,"minecraft:inspect_hopper":6,"minecraft:climb_one_cm":3578,"minecraft:walk_one_cm":519704,"minecraft:sneak_time":26599,"minecraft:walk_under_water_one_cm":65520,"minecraft:boat_one_cm":171720,"minecraft:total_world_time":257820,"minecraft:interact_with_grindstone":2,"minecraft:time_since_rest":154187,"minecraft:damage_absorbed":40,"minecraft:damage_taken":11758,"minecraft:trigger_trapped_chest":2,"minecraft:swim_one_cm":60591,"minecraft:fly_one_cm":1297622,"minecraft:open_chest":129,"minecraft:fall_one_cm":319333},"minecraft:killed_by":{"iceandfire:ice_dragon":1,"alexscaves:brainiac":5,"minecraft:player":3,"iceandfire:dread_knight":2,"minecraft:skeleton":2},"minecraft:crafted":{"minecraft:oak_planks":8,"minecraft:birch_boat":1,"minecraft:chain":3,"alexscaves:dreadbow":1,"minecraft:bookshelf":1,"minecraft:iron_boots":1,"iceandfire:dread_knight_sword":2,"minecraft:crafting_table":1,"minecraft:iron_helmet":1,"travelersbackpack:standard":1,"minecraft:birch_planks":12,"minecraft:iron_chestplate":1,"minecraft:shield":1,"minecraft:iron_ingot":6,"minecraft:iron_pickaxe":1,"minecraft:iron_nugget":63,"alexscaves:shadow_silk":4,"alexscaves:thornwood_planks":8,"biomancy:primordial_cradle":1,"iceandfire:deathworm_gauntlet_white":1,"iceandfire:chain":1,"travelersbackpack:backpack_tank":2,"minecraft:iron_sword":1,"minecraft:enchanted_book":14,"minecraft:air":0,"minecraft:iron_leggings":1},"minecraft:dropped":{"minecraft:iron_sword":1,"minecraft:soul_sand":40,"minecraft:brown_mushroom":2,"minecraft:birch_planks":3,"minecraft:cooked_beef":1,"minecraft:baked_potato":1,"minecraft:red_sandstone":24,"minecraft:crossbow":4,"alexscaves:thornwood_log":1,"alexscaves:moth_dust":3,"iceandfire:dread_stone_bricks_cracked":18,"minecraft:polished_blackstone_brick_wall":1,"iceandfire:deathworm_egg_giant":2,"minecraft:red_carpet":1,"minecraft:cracked_polished_blackstone_bricks":2,"minecraft:packed_mud":3,"minecraft:dirt":9,"minecraft:packed_ice":4,"iceandfire:dread_sword":5,"minecraft:dark_oak_fence":1,"iceandfire:dread_stone_bricks":15,"minecraft:snowball":18,"gravestone:obituary":24,"minecraft:gold_nugget":387,"minecraft:bone_block":2,"minecraft:phantom_membrane":6,"minecraft:polished_blackstone_bricks":48,"minecraft:iron_pickaxe":1,"iceandfire:dread_shard":363,"minecraft:bone":470,"minecraft:gold_ingot":9,"minecraft:sugar_cane":2,"minecraft:iron_nugget":6,"minecraft:cooked_chicken":2,"minecraft:golden_chestplate":3,"alexscaves:amber":1,"alexscaves:radrock":8,"alexscaves:cave_tablet":16,"minecraft:netherite_sword":1,"minecraft:obsidian":1,"minecraft:rotten_flesh":1236,"minecraft:diamond_shovel":1,"iceandfire:crackled_gravel":1,"minecraft:carrot":3,"travelersbackpack:iron":1,"minecraft:chainmail_chestplate":2,"bosses_of_mass_destruction:soul_star":12,"minecraft:poppy":128,"iceandfire:dread_stone_bricks_mossy":1,"minecraft:gunpowder":23,"iceandfire:pixie_dust":3,"minecraft:chainmail_boots":9,"iceandfire:deathworm_chitin_white":190,"iceandfire:dread_knight_sword":1,"minecraft:basalt":11,"minecraft:arrow":2,"minecraft:quartz":3,"minecraft:stone_brick_stairs":2,"iceandfire:deathworm_chitin_yellow":69,"minecraft:netherrack":74,"iceandfire:manuscript":20,"minecraft:enchanted_book":2,"minecraft:golden_boots":3,"minecraft:iron_ingot":134,"travelersbackpack:netherite":1,"minecraft:wheat_seeds":6,"minecraft:golden_helmet":2,"iceandfire:deathworm_egg":5,"minecraft:iron_helmet":1,"minecraft:golden_axe":1,"minecraft:feather":19,"minecraft:cobblestone":9,"minecraft:music_disc_pigstep":1,"iceandfire:lightning_dragon_flesh":3,"minecraft:chainmail_helmet":4,"minecraft:grass_block":2,"minecraft:coal":153,"alexscaves:coprolith":1,"minecraft:stick":1,"minecraft:lava_bucket":1,"bygonenether:cobbled_blackstone":1,"iceandfire:deathworm_chitin_red":128,"minecraft:diorite":1,"alexscaves:thornwood_branch":1,"iceandfire:crackled_dirt":2,"iceandfire:copper_nugget":4,"minecraft:torch":1,"biomancy:mob_sinew":27,"minecraft:iron_leggings":1,"artifacts:crystal_heart":2,"minecraft:polished_blackstone_brick_slab":3,"alexscaves:thornwood_planks":10,"minecraft:chainmail_leggings":1,"minecraft:iron_shovel":2,"minecraft:string":9,"iceandfire:dragonbone":1,"minecraft:stone_sword":14,"minecraft:nether_wart":3,"minecraft:coarse_dirt":1,"minecraft:blaze_rod":4,"iceandfire:witherbone":16,"minecraft:chicken":2,"minecraft:iron_boots":1,"minecraft:cut_red_sandstone":3,"minecraft:potato":65,"minecraft:shield":5,"biomancy:mob_marrow":3,"minecraft:diamond_chestplate":2,"minecraft:spruce_planks":2,"minecraft:iron_chestplate":1,"iceandfire:silver_ingot":1,"minecraft:golden_leggings":5,"minecraft:golden_sword":12,"endrem:cursed_eye":1,"minecraft:spider_eye":5,"minecraft:bow":15,"biomancy:withered_mob_marrow":23,"minecraft:magma_cream":6,"biomancy:mob_gland":9,"alexscaves:pure_darkness":4,"iceandfire:deathworm_tounge":4,"iceandfire:dragon_skull_lightning":1,"minecraft:terracotta":2},"minecraft:killed":{"alexscaves:gloomoth":5,"minecraft:zombified_piglin":106,"iceandfire:gorgon":1,"minecraft:spider":1,"alexsmobs:bald_eagle":1,"theabyss:glow_pug":55,"minecraft:skeleton":66,"alexscaves:underzealot":17,"creature_compendium:netherite_forge":1,"alexscaves:forsaken":2,"minecraft:piglin_brute":25,"minecraft:magma_cube":1,"minecraft:piglin":14,"minecraft:creeper":1,"minecraft:zombie":161,"enemyexpansion:botfly":29,"minecraft:ghast":1,"iceandfire:pixie":1,"iceandfire:lightning_dragon":1,"iceandfire:stone_statue":1,"enemyexpansion:wasp":1,"minecraft:blaze":11,"alexscaves:corrodent":3,"alexscaves:vesper":11,"minecraft:phantom":2,"alexsmobs:blue_jay":1,"iceandfire:dread_knight":15,"iceandfire:dread_thrall":21,"iceandfire:deathworm":39,"enemyexpansion:scorpion":1,"enemyexpansion:sprinter":59,"alexsmobs:gazelle":1,"minecraft:wither_skeleton":93,"enemyexpansion:slugger":51},"minecraft:picked_up":{"iceandfire:deathworm_egg":42,"iceandfire:dread_stone_bricks":38,"minecraft:chainmail_boots":10,"artifacts:bunny_hoppers":1,"minecraft:stone_slab":1,"alexscaves:cave_tablet":21,"minecraft:stone_brick_stairs":2,"minecraft:golden_sword":3,"iceandfire:manuscript":10,"minecraft:polished_blackstone_brick_stairs":2,"minecraft:string":9,"alexscaves:pure_darkness":15,"minecraft:smooth_red_sandstone_slab":1,"minecraft:gold_nugget":226,"minecraft:spruce_planks":2,"minecraft:enchanted_golden_apple":1,"iceandfire:pixie_dust":3,"minecraft:polished_blackstone_brick_slab":5,"minecraft:stick":1,"minecraft:polished_blackstone_stairs":1,"alexscaves:thornwood_wood":1,"alexscaves:limestone_spear":1,"iceandfire:crackled_dirt":2,"minecraft:torch":2,"iceandfire:dread_sword":5,"iceandfire:lightning_dragon_flesh":10,"minecraft:golden_axe":1,"iceandfire:crackled_gravel":1,"minecraft:diorite":1,"minecraft:music_disc_pigstep":1,"minecraft:golden_chestplate":2,"alexscaves:corrodent_teeth":7,"minecraft:stone_sword":7,"minecraft:rotten_flesh":611,"iceandfire:deathworm_chitin_yellow":68,"minecraft:blaze_rod":4,"minecraft:obsidian":8,"minecraft:iron_bars":2,"minecraft:snowball":18,"minecraft:cobblestone":10,"minecraft:birch_log":3,"iceandfire:dragonscales_black":11,"minecraft:feather":10,"minecraft:magma_cream":6,"minecraft:golden_leggings":1,"artifacts:flame_pendant":2,"minecraft:wither_skeleton_skull":2,"minecraft:dirt":35,"minecraft:bone":325,"minecraft:wheat_seeds":6,"minecraft:bow":6,"iceandfire:armor_blue_helmet":1,"alexscaves:guano":17,"alexscaves:porous_coprolith":3,"alexscaves:amber_curiosity":1,"minecraft:grass_block":2,"minecraft:red_terracotta":3,"alexscaves:occult_gem":3,"artifacts:crystal_heart":4,"waystones:waystone":4,"iceandfire:dread_stone_bricks_mossy":5,"minecraft:cracked_polished_blackstone_bricks":10,"minecraft:crossbow":2,"minecraft:chainmail_helmet":5,"iceandfire:gorgon_head":1,"minecraft:netherrack":674,"minecraft:dark_oak_fence":1,"iceandfire:dragon_skull_lightning":4,"minecraft:coarse_dirt":5,"iceandfire:witherbone":27,"minecraft:chicken":2,"minecraft:nether_wart":3,"minecraft:brown_mushroom":2,"minecraft:gold_block":66,"alexscaves:thornwood_branch":5,"creature_compendium:nether_forge_core":1,"gravestone:obituary":8,"minecraft:shield":4,"minecraft:netherite_sword":2,"iceandfire:dread_knight_sword":5,"iceandfire:dread_shard":345,"alexscaves:thornwood_log":4,"minecraft:chest":2,"minecraft:iron_nugget":3,"minecraft:poppy":64,"minecraft:sugar_cane":3,"iceandfire:dragonscales_electric":21,"minecraft:phantom_membrane":6,"iceandfire:dragonbone":25,"bygonenether:cobbled_blackstone":40,"iceandfire:deathworm_chitin_red":118,"travelersbackpack:netherite":1,"minecraft:polished_blackstone_bricks":120,"iceandfire:deathworm_chitin_white":199,"minecraft:carrot":2,"iceandfire:deathworm_egg_giant":15,"iceandfire:armor_blue_boots":1,"minecraft:arrow":27,"minecraft:diamond_chestplate":2,"alexscaves:dark_tatters":17,"minecraft:deepslate_bricks":1,"minecraft:polished_blackstone":3,"alexscaves:vesper_wing":4,"minecraft:bone_block":1,"endrem:cursed_eye":2,"minecraft:air":0,"minecraft:basalt":75,"minecraft:smooth_red_sandstone":3,"alexscaves:forsaken_idol":3,"minecraft:packed_mud":22,"artifacts:superstitious_hat":1,"minecraft:oak_log":2,"minecraft:chainmail_chestplate":2,"minecraft:ancient_debris":4,"iceandfire:dread_stone_bricks_cracked":36,"minecraft:golden_boots":1,"minecraft:gunpowder":15,"alexscaves:amber":1,"iceandfire:deathworm_tounge":5,"minecraft:red_carpet":1,"minecraft:red_sandstone":54,"biomancy:mob_sinew":8,"alexscaves:thornwood_planks":2,"minecraft:iron_ingot":66,"alexscaves:radrock":7,"minecraft:cooked_chicken":2,"alexscaves:coprolith":6,"minecraft:soul_sand":31,"minecraft:book":3,"iceandfire:copper_nugget":4,"alexscaves:moth_dust":23,"alexscaves:fissile_core":1,"minecraft:quartz":3,"minecraft:lava_bucket":1,"iceandfire:armor_blue_leggings":1,"minecraft:spider_eye":5,"minecraft:cut_red_sandstone":3,"travelersbackpack:standard":3,"minecraft:chainmail_leggings":1,"minecraft:polished_blackstone_brick_wall":1,"alexscaves:cave_map":1,"alexscaves:desolate_dagger":1,"minecraft:terracotta":3,"minecraft:baked_potato":65,"minecraft:coal":28}},"DataVersion":3465}