{"stats":{"minecraft:used":{"minecraft:soul_sand":1,"iceandfire:crackled_gravel":2,"minecraft:dark_oak_button":1,"minecraft:furnace":2,"minecraft:oak_sapling":46,"iceandfire:frozen_cobblestone":2,"alexscaves:smooth_limestone":2,"travelersbackpack:nether":1,"minecraft:diorite":4,"iceandfire:dread_stone_bricks":15,"minecraft:golden_apple":5,"minecraft:sand":2,"creature_compendium:forge_shield":268,"iceandfire:armor_blue_leggings":3,"minecraft:red_sandstone":56,"minecraft:birch_slab":1,"travelersbackpack:netherite":1,"minecraft:cut_red_sandstone":1,"alexscaves:guanostone":6,"iceandfire:chared_cobblestone":1,"travelersbackpack:magma_cube":1,"minecraft:smithing_table":1,"minecraft:torch":1,"minecraft:anvil":3,"alexscaves:metal_swarf":1,"minecraft:slime_block":1,"easy_villagers:trader":2,"iceandfire:armor_blue_boots":3,"minecraft:basalt":2,"alexscaves:thornwood_stairs":1,"minecraft:orange_terracotta":1,"minecraft:water_bucket":23,"iceandfire:dragon_skull_lightning":1,"minecraft:deepslate_bricks":11,"minecraft:polished_blackstone_bricks":7,"minecraft:crafting_table":2,"minecraft:oak_log":1,"minecraft:dark_prismarine":2,"minecraft:diamond_pickaxe":1128,"minecraft:cornflower":1,"minecraft:diamond_shovel":194,"alexscaves:extinction_spear":32,"iceandfire:crackled_cobblestone":1,"minecraft:cobblestone":128,"travelersbackpack:standard":2,"minecraft:dandelion":1,"iceandfire:dread_stone_bricks_cracked":14,"minecraft:blue_terracotta":1,"minecraft:oak_sign":2,"alexscaves:galena":21,"minecraft:player_head":1,"iceandfire:frozen_stone":8,"minecraft:obsidian":16,"iceandfire:armor_white_boots":4,"iceandfire:lightning_lily":1,"minecraft:lantern":1,"minecraft:packed_mud":30,"iceandfire:armor_silver_metal_leggings":1,"alexscaves:amber":103,"minecraft:skeleton_skull":1,"travelersbackpack:enderman":1,"iceandfire:armor_white_leggings":3,"minecraft:dark_oak_stairs":1,"iceandfire:armor_blue_helmet":2,"minecraft:ender_pearl":7,"minecraft:diamond_axe":95,"alexscaves:darkened_apple":1,"alexscaves:cave_book":4,"waystones:waystone":10,"minecraft:andesite":2,"minecraft:experience_bottle":1,"minecraft:netherite_sword":447,"travelersbackpack:blaze":1,"aquamirae:sea_stew":1,"minecraft:flint_and_steel":12,"iceandfire:armor_white_helmet":3,"minecraft:spruce_planks":2,"minecraft:dirt":166,"alexscaves:spelunkery_table":1,"travelersbackpack:cake":2,"alexscaves:dinosaur_nugget":2,"minecraft:baked_potato":198,"iceandfire:dread_knight_sword":762,"minecraft:terracotta":6,"iceandfire:dread_stone_bricks_mossy":1,"minecraft:smooth_red_sandstone_stairs":1,"minecraft:cracked_polished_blackstone_bricks":4,"alexscaves:desolate_dagger":4,"minecraft:stone_slab":10,"alexscaves:porous_coprolith":2,"minecraft:bucket":23,"minecraft:smooth_stone":2,"minecraft:splash_potion":1,"alexscaves:cooked_dinosaur_chop":3},"minecraft:mined":{"minecraft:dark_oak_planks":11,"minecraft:black_terracotta":10,"alexscaves:limestone":1,"minecraft:obsidian":1,"minecraft:granite":25,"minecraft:red_sand":2,"minecraft:smooth_red_sandstone_stairs":1,"minecraft:deepslate_bricks":4,"alexscaves:coprolith":24,"minecraft:spawner":8,"minecraft:polished_blackstone_bricks":14,"minecraft:dark_oak_trapdoor":3,"minecraft:fire":51,"minecraft:barrel":1,"alexscaves:smooth_limestone_stairs":1,"minecraft:smooth_red_sandstone":1,"minecraft:dirt_path":4,"alexscaves:smooth_limestone":1,"iceandfire:dread_stone_bricks_cracked":21,"alexscaves:cave_painting_vallumraptor_chest":2,"alexscaves:amber":165,"minecraft:kelp_plant":1,"minecraft:amethyst_cluster":1,"minecraft:powder_snow":7,"minecraft:torch":1,"alexscaves:peering_coprolith":3,"minecraft:dead_bush":2,"minecraft:sugar_cane":5,"minecraft:chain":2,"minecraft:tinted_glass":1,"minecraft:wheat":2,"minecraft:waxed_copper_block":1,"minecraft:stone_brick_stairs":1,"iceandfire:dragonforge_ice_input":1,"minecraft:grass":41,"minecraft:cut_red_sandstone":1,"minecraft:deepslate":8,"create:zinc_ore":2,"minecraft:yellow_terracotta":1,"minecraft:dark_prismarine":3,"alexscaves:radrock":32,"minecraft:sea_lantern":1,"minecraft:dark_oak_fence":1,"minecraft:spruce_fence":1,"iceandfire:frozen_grass":1,"minecraft:moss_block":7,"minecraft:kelp":1,"alexscaves:galena":12,"minecraft:waxed_oxidized_cut_copper":7,"minecraft:packed_mud":79,"alexscaves:thornwood_stairs":2,"minecraft:red_sandstone":63,"minecraft:snow":3,"minecraft:andesite":15,"minecraft:bone_block":1,"minecraft:dandelion":1,"iceandfire:dread_stone_stairs":1,"minecraft:tall_grass":9,"minecraft:diorite":14,"minecraft:red_terracotta":2,"minecraft:white_carpet":5,"minecraft:birch_leaves":1,"minecraft:gravel":9,"minecraft:dripstone_block":3,"minecraft:cobweb":3,"minecraft:acacia_planks":2,"minecraft:stone_bricks":3,"minecraft:waxed_exposed_cut_copper":2,"minecraft:fern":1,"alexscaves:guanostone":38,"minecraft:large_amethyst_bud":2,"minecraft:stone_pressure_plate":2,"minecraft:spruce_planks":5,"minecraft:grass_block":83,"minecraft:cracked_polished_blackstone_bricks":5,"iceandfire:dread_spawner":2,"minecraft:mud_brick_wall":8,"minecraft:mud_bricks":25,"iceandfire:crackled_cobblestone":2,"iceandfire:crackled_dirt":2,"minecraft:dark_oak_stairs":2,"alexscaves:underweed":1,"minecraft:iron_bars":1,"alexscaves:ambersol":1,"minecraft:spruce_slab":4,"iceandfire:chared_cobblestone":2,"minecraft:waxed_cut_copper":10,"minecraft:waxed_cut_copper_stairs":3,"minecraft:blackstone":2,"minecraft:orange_terracotta":2,"iceandfire:dragon_ice_spikes":4,"minecraft:chest":17,"iceandfire:frozen_dirt":1,"minecraft:mushroom_stem":8,"minecraft:cobblestone":8,"minecraft:slime_block":1,"minecraft:prismarine":1,"alexscaves:thornwood_planks":3,"minecraft:blue_terracotta":1,"minecraft:dark_oak_slab":3,"minecraft:waxed_oxidized_cut_copper_stairs":2,"minecraft:stripped_oak_wood":1,"minecraft:tnt":14,"iceandfire:dread_stone_bricks_mossy":6,"minecraft:sand":2,"minecraft:dirt":70,"minecraft:netherrack":7,"minecraft:oak_leaves":3,"iceandfire:dread_stone_bricks":16,"iceandfire:lightning_lily":1,"minecraft:red_carpet":1,"iceandfire:frozen_cobblestone":7,"iceandfire:crackled_gravel":2,"gravestone:gravestone":3,"iceandfire:frozen_stone":20,"minecraft:birch_slab":1,"iceandfire:dragonforge_ice_brick":3,"minecraft:large_fern":8,"minecraft:oak_trapdoor":1,"alexscaves:energized_galena_azure":2,"minecraft:packed_ice":42,"alexscaves:curly_fern":4,"minecraft:stone":283,"alexscaves:porous_coprolith":8,"minecraft:snow_block":14,"minecraft:basalt":5,"minecraft:oak_fence":3,"minecraft:stone_slab":2,"alexscaves:metal_swarf":2,"minecraft:prismarine_bricks":1,"minecraft:spruce_stairs":1,"minecraft:ice":23,"minecraft:coal_ore":2,"minecraft:terracotta":11},"minecraft:custom":{"minecraft:interact_with_crafting_table":20,"minecraft:open_barrel":41,"minecraft:eat_cake_slice":1,"minecraft:leave_game":17,"minecraft:time_since_death":113512,"minecraft:damage_blocked_by_shield":2078,"minecraft:play_time":420509,"minecraft:deaths":4,"minecraft:jump":9595,"minecraft:enchant_item":3,"minecraft:interact_with_furnace":1,"minecraft:traded_with_villager":95,"minecraft:interact_with_cartography_table":2,"minecraft:waystone_activated":16,"minecraft:damage_dealt":134533,"minecraft:interact_with_smithing_table":3,"minecraft:inspect_dropper":1,"minecraft:interact_with_anvil":16,"minecraft:inspect_hopper":2,"minecraft:sneak_time":18855,"minecraft:interact_with_lectern":1,"minecraft:total_world_time":420509,"minecraft:time_since_rest":116469,"minecraft:swim_one_cm":286871,"minecraft:fly_one_cm":2477784,"minecraft:open_chest":183,"minecraft:fall_one_cm":489636,"minecraft:sprint_one_cm":1999313,"minecraft:drop":883,"minecraft:interact_with_brewingstand":1,"minecraft:walk_on_water_one_cm":48727,"minecraft:interact_with_loom":5,"minecraft:player_kills":2,"minecraft:crouch_one_cm":64687,"minecraft:mob_kills":1424,"minecraft:climb_one_cm":6806,"minecraft:walk_one_cm":672920,"minecraft:walk_under_water_one_cm":55238,"minecraft:raid_trigger":1,"minecraft:interact_with_grindstone":2,"minecraft:damage_taken":2147483647,"minecraft:damage_absorbed":233,"minecraft:trigger_trapped_chest":11},"minecraft:killed_by":{"minecraft:player":3,"iceandfire:gorgon":1},"minecraft:crafted":{"travelersbackpack:enderman":1,"alexscaves:dreadbow":1,"iceandfire:armor_black_helmet":1,"minecraft:emerald":253,"alexscaves:raygun":1,"iceandfire:armor_white_helmet":1,"iceandfire:armor_black_boots":1,"minecraft:dark_oak_button":1,"minecraft:enchanted_book":31,"iceandfire:armor_white_leggings":1,"iceandfire:armor_blue_helmet":1,"iceandfire:armor_blue_boots":1,"iceandfire:armor_white_boots":1,"alexscaves:extinction_spear":1,"iceandfire:armor_blue_leggings":1,"alexscaves:shadow_silk":4,"alexscaves:cave_map":2,"alexscaves:darkened_apple":1,"alexscaves:ominous_catalyst":1,"iceandfire:armor_black_leggings":1,"minecraft:air":0,"minecraft:lapis_lazuli":27},"minecraft:dropped":{"minecraft:iron_sword":4,"minecraft:porkchop":16,"minecraft:lapis_lazuli":39,"minecraft:cooked_beef":3,"minecraft:diamond":2,"alexscaves:curly_fern":5,"minecraft:cooked_porkchop":9,"minecraft:red_sandstone":4,"minecraft:dark_oak_slab":1,"minecraft:crossbow":8,"minecraft:cracked_stone_bricks":1,"alexscaves:moth_dust":5,"minecraft:saddle":2,"minecraft:leather_helmet":3,"minecraft:item_frame":1,"minecraft:dirt":223,"minecraft:packed_mud":103,"iceandfire:sea_serpent_scales_red":3,"iceandfire:dread_sword":9,"minecraft:dark_oak_fence":1,"minecraft:dark_oak_trapdoor":1,"iceandfire:dread_stone_bricks":26,"minecraft:netherite_boots":1,"alexscaves:primal_magma":32,"alexscaves:dinosaur_nugget":1,"minecraft:chain":2,"minecraft:gold_nugget":856,"minecraft:phantom_membrane":5,"minecraft:sand":2,"minecraft:dark_oak_planks":10,"alexscaves:cycad":8,"minecraft:bone":2527,"minecraft:waxed_cut_copper_stairs":3,"minecraft:sugar_cane":6,"minecraft:lever":1,"minecraft:cooked_chicken":2,"minecraft:golden_chestplate":9,"minecraft:cobbled_deepslate":7,"minecraft:tinted_glass":1,"minecraft:netherite_sword":1,"minecraft:obsidian":7,"alexscaves:tough_hide":2,"minecraft:rotten_flesh":4235,"minecraft:oak_planks":3,"iceandfire:dragonforge_ice_brick":4,"creature_compendium:nether_forge_core":1,"minecraft:waxed_copper_block":1,"iceandfire:shiny_scales":5,"bosses_of_mass_destruction:soul_star":28,"alexsmobs:froststalker_horn":1,"iceandfire:dread_stone_bricks_mossy":1,"iceandfire:sapphire_gem":9,"alexscaves:cave_book":1,"minecraft:leather_boots":2,"iceandfire:crackled_cobblestone":1,"iceandfire:deathworm_chitin_white":12,"minecraft:yellow_banner":1,"minecraft:leather_leggings":8,"minecraft:spruce_slab":4,"minecraft:stone_brick_stairs":1,"minecraft:enchanted_book":1,"minecraft:golden_boots":8,"minecraft:iron_ingot":14,"minecraft:wheat_seeds":17,"minecraft:polished_blackstone":2,"iceandfire:sea_serpent_scales_bronze":4,"minecraft:waxed_oxidized_cut_copper_stairs":3,"minecraft:netherite_helmet":1,"minecraft:netherite_chestplate":1,"minecraft:cobblestone":3,"minecraft:feather":16,"minecraft:oak_fence":3,"minecraft:yellow_terracotta":1,"alexscaves:limestone_spear":1,"minecraft:prismarine_crystals":10,"iceandfire:dread_stone_stairs":1,"iceandfire:armor_blue_boots":1,"minecraft:granite":30,"minecraft:chainmail_helmet":9,"minecraft:coal":709,"bygonenether:cobbled_blackstone":1,"iceandfire:deathworm_chitin_red":75,"iceandfire:copper_nugget":48,"alexscaves:limestone":842,"minecraft:white_banner":1,"minecraft:smooth_stone":3,"minecraft:chainmail_leggings":6,"minecraft:iron_shovel":10,"alexscaves:porous_coprolith":9,"minecraft:string":15,"minecraft:trapped_chest":2,"create:raw_zinc":2,"iceandfire:dragon_skull_fire":2,"artifacts:bunny_hoppers":1,"minecraft:stone_brick_slab":3,"iceandfire:frozen_cobblestone":3,"iceandfire:silver_nugget":4,"alexscaves:guano":20,"minecraft:stone_sword":32,"alexscaves:desolate_dagger":1,"minecraft:bowl":1,"minecraft:chicken":3,"minecraft:white_carpet":5,"minecraft:stone_slab":1,"iceandfire:dragon_skull_ice":4,"minecraft:spruce_fence":1,"minecraft:potato":1861,"minecraft:stone":2,"alexscaves:flood_basalt":10,"alexscaves:heavy_bone":5,"minecraft:waxed_cut_copper":9,"minecraft:spruce_planks":1,"iceandfire:silver_ingot":3,"minecraft:stone_pressure_plate":2,"minecraft:spider_eye":1,"minecraft:stone_bricks":9,"minecraft:sandstone":215,"minecraft:red_sand":2,"minecraft:bow":38,"waystones:waystone":3,"iceandfire:sea_serpent_fang":14,"minecraft:cooked_rabbit":2,"iceandfire:dragon_skull_lightning":1,"minecraft:terracotta":35,"artifacts:fire_gauntlet":1,"minecraft:moss_block":34,"minecraft:dark_oak_stairs":1,"minecraft:diamond_axe":1,"minecraft:baked_potato":61,"minecraft:ender_pearl":3,"iceandfire:ice_dragon_flesh":2,"iceandfire:fire_dragon_flesh":14,"minecraft:leather":5,"iceandfire:dread_stone_bricks_cracked":2,"minecraft:polished_blackstone_brick_wall":5,"alexscaves:ambersol":1,"minecraft:flint":1,"alexscaves:galena":1,"minecraft:cracked_polished_blackstone_bricks":6,"artifacts:novelty_drinking_hat":1,"minecraft:polished_blackstone_brick_stairs":4,"minecraft:mutton":2,"iceandfire:armor_silver_metal_leggings":1,"minecraft:cooked_cod":3,"minecraft:snowball":9,"gravestone:obituary":21,"iceandfire:armor_blue_helmet":1,"alexscaves:cave_map":2,"minecraft:gilded_blackstone":5,"minecraft:amethyst_shard":4,"minecraft:polished_blackstone_bricks":5,"minecraft:stripped_oak_wood":1,"iceandfire:dread_shard":154,"minecraft:gold_ingot":43,"minecraft:gravel":1,"alexscaves:radrock":32,"minecraft:black_terracotta":9,"artifacts:villager_hat":1,"minecraft:prismarine":1,"minecraft:carrot":8,"aquamirae:anglers_fang":1,"minecraft:chainmail_chestplate":4,"minecraft:chiseled_stone_bricks":1,"minecraft:poppy":1,"minecraft:leather_chestplate":6,"minecraft:gunpowder":40,"iceandfire:pixie_dust":6,"minecraft:chainmail_boots":5,"iceandfire:dread_knight_sword":4,"alexscaves:cooked_dinosaur_chop":5,"minecraft:basalt":5,"minecraft:iron_bars":3,"minecraft:arrow":1003,"minecraft:prismarine_bricks":1,"minecraft:quartz":3,"minecraft:netherrack":11,"iceandfire:dragonscales_sapphire":15,"minecraft:golden_helmet":3,"biomancy:primordial_core":2,"iceandfire:dragonscales_green":64,"minecraft:prismarine_shard":11,"iceandfire:armor_blue_leggings":1,"iceandfire:cyclops_eye":2,"iceandfire:lightning_dragon_flesh":5,"minecraft:spruce_stairs":2,"minecraft:grass_block":1,"minecraft:stick":17,"minecraft:mud_brick_wall":4,"minecraft:diorite":11,"minecraft:smooth_red_sandstone":1,"minecraft:torch":11,"alexscaves:smooth_limestone_stairs":2,"iceandfire:ice_dragon_heart":1,"artifacts:crystal_heart":1,"minecraft:polished_blackstone_brick_slab":1,"alexscaves:guanostone":5,"iceandfire:dragonbone":53,"alexsmobs:maggot":4,"minecraft:oak_trapdoor":1,"minecraft:nether_wart":5,"minecraft:coarse_dirt":7,"minecraft:blaze_rod":16,"iceandfire:witherbone":345,"alexscaves:vesper_wing":7,"minecraft:waxed_exposed_cut_copper":1,"alexscaves:ominous_catalyst":1,"enemyexpansion:phantom_eye":1,"minecraft:glass_pane":1,"minecraft:netherite_leggings":1,"alexscaves:corrodent_teeth":3,"minecraft:mud_bricks":20,"minecraft:shield":4,"minecraft:diamond_chestplate":1,"minecraft:orange_terracotta":23,"iceandfire:chared_cobblestone":1,"travelersbackpack:quartz":3,"minecraft:andesite":10,"minecraft:mossy_stone_bricks":3,"minecraft:golden_leggings":13,"minecraft:oak_sapling":3,"minecraft:waxed_oxidized_cut_copper":6,"minecraft:golden_sword":48,"iceandfire:fire_dragon_heart":1,"alexscaves:pure_darkness":6},"minecraft:killed":{"minecraft:skeleton":150,"alexsmobs:orca":1,"minecraft:guardian":1,"alexscaves:underzealot":14,"minecraft:chicken":2,"iceandfire:dread_scuttler":4,"alexscaves:gammaroach":1,"minecraft:pillager":10,"minecraft:zombie":239,"enemyexpansion:botfly":89,"iceandfire:lightning_dragon":4,"iceandfire:dread_ghoul":2,"iceandfire:sea_serpent":2,"alexscaves:corrodent":3,"alexscaves:brainiac":3,"alexscaves:vesper":16,"minecraft:vindicator":13,"iceandfire:dread_beast":1,"iceandfire:dread_knight":48,"iceandfire:siren":2,"alexsmobs:tusklin":1,"enemyexpansion:scorpion":1,"iceandfire:cyclops":2,"enemyexpansion:sprinter":100,"minecraft:ravager":1,"iceandfire:ghost":1,"iceandfire:ice_dragon":3,"alexscaves:grottoceratops":1,"alexscaves:gloomoth":2,"minecraft:zombified_piglin":239,"minecraft:spider":6,"alexsmobs:froststalker":3,"theabyss:glow_pug":75,"artifacts:mimic":4,"minecraft:wolf":3,"minecraft:piglin":3,"minecraft:pig":9,"minecraft:creeper":11,"minecraft:sheep":2,"alexsmobs:fly":2,"iceandfire:pixie":1,"enemyexpansion:wasp":1,"alexscaves:vallumraptor":6,"alexscaves:watcher":1,"alexscaves:raycat":1,"enemyexpansion:direwolf":6,"minecraft:phantom":5,"iceandfire:dread_thrall":54,"iceandfire:fire_dragon":1,"minecraft:drowned":1,"iceandfire:deathworm":1,"alexscaves:relicheirus":1,"minecraft:hoglin":1,"alexscaves:subterranodon":1,"enemyexpansion:huntsman":1,"alexsmobs:crow":1,"minecraft:wither_skeleton":126,"enemyexpansion:slugger":103},"minecraft:broken":{"iceandfire:armor_white_boots":1,"iceandfire:armor_white_leggings":1,"iceandfire:armor_white_helmet":1,"minecraft:diamond_chestplate":1},"minecraft:picked_up":{"iceandfire:dread_stone_bricks":34,"alexscaves:tough_hide":2,"minecraft:chainmail_boots":3,"minecraft:prismarine_shard":11,"artifacts:bunny_hoppers":1,"minecraft:stone_slab":2,"minecraft:enchanted_book":1,"minecraft:golden_sword":8,"alexscaves:smooth_limestone":2,"minecraft:polished_blackstone_brick_stairs":1,"minecraft:string":12,"minecraft:dark_oak_trapdoor":1,"alexscaves:pure_darkness":12,"minecraft:gold_nugget":129,"minecraft:cobbled_deepslate":7,"bosses_of_mass_destruction:soul_star":3,"minecraft:spruce_planks":3,"minecraft:waxed_exposed_cut_copper":1,"iceandfire:dragonforge_ice_brick":4,"minecraft:golden_helmet":1,"iceandfire:lightning_dragon_flesh":5,"minecraft:golden_chestplate":1,"minecraft:waxed_cut_copper_stairs":3,"minecraft:yellow_banner":1,"iceandfire:lightning_lily":1,"minecraft:stone_sword":4,"artifacts:villager_hat":1,"iceandfire:deathworm_chitin_yellow":69,"iceandfire:fire_dragon_heart":2,"minecraft:waxed_cut_copper":9,"minecraft:blaze_rod":20,"minecraft:iron_bars":3,"minecraft:snowball":9,"iceandfire:dragonscales_black":29,"minecraft:feather":8,"minecraft:birch_slab":1,"minecraft:flint":1,"alexscaves:thornwood_stairs":1,"minecraft:lantern":1,"alexscaves:galena":22,"artifacts:shock_pendant":1,"alexscaves:guano":20,"minecraft:moss_block":34,"alexscaves:porous_coprolith":11,"iceandfire:dragonscales_sapphire":15,"alexscaves:amber_curiosity":3,"aquamirae:anglers_fang":1,"iceandfire:dragon_skull_fire":2,"iceandfire:shiny_scales":5,"iceandfire:lightning_dragon_heart":3,"minecraft:trapped_chest":2,"iceandfire:chared_cobblestone":2,"minecraft:blue_terracotta":1,"minecraft:lever":1,"minecraft:granite":39,"minecraft:chainmail_helmet":8,"alexsmobs:maggot":4,"minecraft:dark_oak_fence":1,"minecraft:crafting_table":1,"iceandfire:dragon_skull_lightning":2,"minecraft:coarse_dirt":14,"alexscaves:primal_magma":32,"iceandfire:witherbone":42,"creature_compendium:nether_forge_core":1,"alexsmobs:froststalker_horn":1,"gravestone:obituary":17,"minecraft:cornflower":1,"minecraft:white_carpet":5,"minecraft:iron_shovel":4,"minecraft:glass_pane":1,"minecraft:cracked_stone_bricks":1,"iceandfire:dread_knight_sword":5,"iceandfire:dread_shard":153,"minecraft:spruce_slab":4,"minecraft:sandstone":215,"minecraft:stone":17,"alexscaves:guanostone":11,"alexscaves:cycad":8,"minecraft:spruce_fence":1,"minecraft:carrot":1,"iceandfire:deathworm_chitin_white":76,"minecraft:prismarine_crystals":10,"iceandfire:dragon_skull_ice":4,"minecraft:tnt":7,"minecraft:diamond_chestplate":1,"minecraft:cooked_cod":3,"minecraft:deepslate_bricks":4,"minecraft:waxed_oxidized_cut_copper_stairs":3,"minecraft:yellow_terracotta":1,"minecraft:gold_ingot":2,"minecraft:mutton":2,"minecraft:white_wool":5,"minecraft:smooth_red_sandstone_stairs":1,"minecraft:mud_bricks":20,"iceandfire:sea_serpent_fang":10,"minecraft:smooth_red_sandstone":1,"minecraft:packed_mud":133,"minecraft:oak_log":1,"minecraft:golden_boots":3,"alexscaves:charred_remnant":1,"iceandfire:dragonscales_blue":55,"alexscaves:ambersol":1,"minecraft:paper":108,"minecraft:white_banner":1,"minecraft:stone_bricks":9,"alexscaves:cooked_dinosaur_chop":8,"alexscaves:green_soylent":3,"iceandfire:dread_stone_stairs":1,"minecraft:iron_sword":2,"alexscaves:coprolith":1,"minecraft:dark_oak_stairs":2,"iceandfire:copper_nugget":48,"enemyexpansion:phantom_eye":1,"minecraft:dark_oak_slab":1,"alexscaves:moth_dust":10,"minecraft:gravel":7,"travelersbackpack:standard":1,"alexscaves:smooth_limestone_stairs":2,"minecraft:diamond_axe":1,"iceandfire:dragonforge_ice_input":1,"iceandfire:ice_dragon_flesh":6,"alexscaves:cave_map":1,"minecraft:baked_potato":193,"minecraft:stone_brick_stairs":1,"travelersbackpack:quartz":3,"iceandfire:sea_serpent_scales_bronze":4,"minecraft:red_sand":2,"minecraft:smooth_stone":5,"minecraft:ender_eye":1,"minecraft:furnace":2,"iceandfire:pixie_dust":6,"minecraft:stick":17,"minecraft:oak_fence":3,"iceandfire:dread_sword":9,"minecraft:torch":13,"iceandfire:dragonscales_white":40,"minecraft:spruce_stairs":2,"alexscaves:heavy_bone":4,"minecraft:porkchop":16,"iceandfire:crackled_gravel":2,"minecraft:diorite":15,"alexscaves:corrodent_teeth":3,"minecraft:rotten_flesh":770,"minecraft:obsidian":1,"minecraft:cobblestone":284,"minecraft:andesite":15,"minecraft:golden_leggings":5,"minecraft:potato":1,"create:raw_zinc":2,"minecraft:prismarine_bricks":1,"minecraft:lapis_lazuli":21,"minecraft:dirt":262,"minecraft:bone":612,"minecraft:bow":11,"minecraft:wheat_seeds":17,"alexscaves:toxic_paste":4,"easy_villagers:trader":2,"minecraft:mossy_stone_bricks":3,"minecraft:prismarine":1,"minecraft:oak_planks":2,"minecraft:black_terracotta":9,"minecraft:cooked_porkchop":9,"alexscaves:uranium":1,"minecraft:sand":4,"minecraft:grass_block":1,"minecraft:dark_prismarine":2,"minecraft:slime_block":1,"iceandfire:dread_stone_bricks_mossy":5,"waystones:waystone":8,"minecraft:cracked_polished_blackstone_bricks":6,"minecraft:crossbow":1,"minecraft:emerald":10,"minecraft:oak_sapling":3,"minecraft:netherrack":11,"iceandfire:silver_nugget":44,"minecraft:waxed_oxidized_cut_copper":6,"artifacts:night_vision_goggles":1,"minecraft:chicken":1,"iceandfire:frozen_cobblestone":7,"alexscaves:flood_basalt":10,"minecraft:chain":2,"minecraft:shield":4,"alexscaves:tectonic_shard":7,"alexscaves:metal_swarf":1,"minecraft:oak_trapdoor":1,"iceandfire:frozen_stone":13,"minecraft:item_frame":1,"minecraft:player_head":1,"minecraft:tinted_glass":1,"minecraft:sugar_cane":10,"minecraft:phantom_membrane":5,"iceandfire:ice_dragon_heart":3,"iceandfire:dragonbone":96,"iceandfire:dragonscales_green":189,"bygonenether:cobbled_blackstone":1,"iceandfire:deathworm_chitin_red":75,"travelersbackpack:netherite":1,"minecraft:polished_blackstone_bricks":12,"minecraft:stone_pressure_plate":2,"minecraft:dark_oak_planks":11,"iceandfire:silver_ingot":1,"minecraft:arrow":68,"iceandfire:cyclops_eye":2,"alexscaves:dark_tatters":19,"alexscaves:spelunkery_table":1,"minecraft:saddle":2,"alexscaves:vesper_wing":9,"minecraft:basalt":10,"artifacts:novelty_drinking_hat":1,"minecraft:glow_ink_sac":2,"minecraft:leather":5,"alexscaves:limestone":843,"minecraft:chainmail_chestplate":4,"minecraft:waxed_copper_block":1,"iceandfire:dread_stone_bricks_cracked":16,"minecraft:gunpowder":40,"alexscaves:amber":133,"iceandfire:deathworm_tounge":4,"minecraft:orange_terracotta":24,"minecraft:red_sandstone":60,"minecraft:iron_ingot":22,"alexscaves:radrock":32,"minecraft:stripped_oak_wood":1,"alexscaves:curly_fern":5,"iceandfire:fire_dragon_flesh":14,"minecraft:soul_sand":3,"iceandfire:crackled_cobblestone":2,"minecraft:chiseled_stone_bricks":1,"minecraft:stone_brick_slab":3,"minecraft:dandelion":1,"minecraft:amethyst_shard":4,"minecraft:mud_brick_wall":4,"artifacts:scarf_of_invisibility":1,"minecraft:spider_eye":9,"minecraft:cut_red_sandstone":1,"minecraft:chainmail_leggings":7,"iceandfire:sea_serpent_scales_red":3,"alexscaves:desolate_dagger":1,"minecraft:terracotta":41,"minecraft:coal":89}},"DataVersion":3465}