{"stats":{"minecraft:dropped":{"minecraft:water_bucket":1,"minecraft:iron_ingot":64,"minecraft:wheat_seeds":1,"iceandfire:frozen_dirt":1,"minecraft:cobblestone":9,"minecraft:book":2,"minecraft:grass_block":1,"minecraft:coal":1,"alexscaves:galena":46,"minecraft:dirt":1,"alexsmobs:roadrunner_feather":2,"minecraft:diorite":64,"minecraft:stone_button":2,"iceandfire:dread_stone_bricks":4,"minecraft:snowball":16,"gravestone:obituary":8,"minecraft:gold_nugget":2,"minecraft:paper":2,"iceandfire:dragonbone":22,"iceandfire:dread_shard":37,"minecraft:gold_ingot":1,"minecraft:bone":18,"minecraft:gravel":5,"minecraft:tinted_glass":3,"minecraft:deepslate":274,"minecraft:netherite_sword":1,"minecraft:rotten_flesh":38,"iceandfire:dragonbone_sword_ice":1,"aquamirae:anglers_fang":1,"minecraft:diamond_sword":1,"minecraft:stone":20,"minecraft:golden_leggings":1,"minecraft:oak_sapling":64,"minecraft:arrow":146,"minecraft:bow":1},"minecraft:mined":{"minecraft:dark_oak_planks":2,"minecraft:dark_prismarine":2,"minecraft:black_terracotta":1,"iceandfire:crackled_gravel":1,"minecraft:obsidian":1,"gravestone:gravestone":5,"minecraft:red_sand":1,"minecraft:grass_block":39,"iceandfire:dread_spawner":4,"minecraft:deepslate_bricks":2,"minecraft:mud_bricks":4,"travelersbackpack:netherite":1,"iceandfire:dragonforge_ice_brick":1,"alexscaves:galena":97,"minecraft:spawner":5,"minecraft:large_fern":1,"easy_villagers:iron_farm":1,"minecraft:red_sandstone":2,"minecraft:packed_mud":2,"alexscaves:energized_galena_azure":3,"minecraft:fire":3,"minecraft:bookshelf":3,"minecraft:dirt_path":3,"minecraft:packed_ice":31,"iceandfire:dread_stone_bricks_cracked":44,"minecraft:stone":56,"minecraft:iron_block":1,"minecraft:waxed_cut_copper":1,"minecraft:powder_snow":5,"iceandfire:dragon_ice_spikes":1,"minecraft:torch":1,"minecraft:mud_brick_stairs":1,"alexscaves:metal_swarf":10,"minecraft:tall_grass":6,"minecraft:cobblestone":5,"minecraft:dark_oak_slab":1,"minecraft:tinted_glass":8,"aquamirae:wisteria_niveis":1,"minecraft:ice":6,"minecraft:grass":22,"iceandfire:dread_stone_bricks_mossy":7,"minecraft:gravel":8,"minecraft:dirt":60,"minecraft:cobweb":1,"iceandfire:dread_stone_bricks":43,"minecraft:oak_leaves":3,"minecraft:fern":1},"minecraft:custom":{"minecraft:interact_with_smithing_table":1,"minecraft:mob_kills":993,"minecraft:interact_with_anvil":5,"minecraft:inspect_hopper":2,"minecraft:interact_with_crafting_table":8,"minecraft:open_barrel":5,"minecraft:leave_game":12,"minecraft:time_since_death":21342,"minecraft:climb_one_cm":1010,"minecraft:sprint_one_cm":430849,"minecraft:walk_one_cm":248737,"minecraft:damage_blocked_by_shield":345,"minecraft:drop":61,"minecraft:play_time":191724,"minecraft:deaths":7,"minecraft:sneak_time":13966,"minecraft:walk_under_water_one_cm":20351,"minecraft:boat_one_cm":130934,"minecraft:jump":4538,"minecraft:walk_on_water_one_cm":31074,"minecraft:total_world_time":191724,"minecraft:traded_with_villager":323,"minecraft:interact_with_grindstone":2,"minecraft:time_since_rest":21408,"minecraft:waystone_activated":9,"minecraft:damage_taken":2147483647,"minecraft:damage_dealt":17390,"minecraft:swim_one_cm":55829,"minecraft:fly_one_cm":1096759,"minecraft:player_kills":1,"minecraft:open_chest":66,"minecraft:crouch_one_cm":38273,"minecraft:fall_one_cm":378043},"minecraft:crafted":{"iceandfire:armor_sapphire_chestplate":1,"minecraft:bookshelf":3,"iceandfire:armor_sapphire_leggings":1,"minecraft:bow":1,"iceandfire:dragonbone_sword":2,"minecraft:arrow":128,"minecraft:emerald":304,"minecraft:enchanted_book":7,"minecraft:air":0,"iceandfire:dragonbone_sword_ice":1,"minecraft:iron_block":7,"minecraft:anvil":2},"minecraft:killed":{"alexscaves:tremorsaurus":1,"minecraft:zombified_piglin":158,"enemyexpansion:equestrian":2,"iceandfire:dread_beast":7,"theabyss:glow_pug":102,"minecraft:skeleton":145,"iceandfire:dread_thrall":36,"iceandfire:dread_knight":13,"minecraft:chicken":1,"iceandfire:dread_scuttler":1,"alexscaves:relicheirus":1,"enemyexpansion:scorpion":1,"minecraft:piglin":5,"minecraft:pig":1,"enemyexpansion:sprinter":69,"minecraft:creeper":2,"iceandfire:cockatrice":1,"minecraft:pillager":3,"minecraft:zombie":183,"enemyexpansion:vampire":1,"aquamirae:anglerfish":4,"enemyexpansion:huntsman":2,"enemyexpansion:botfly":3,"alexsmobs:roadrunner":1,"minecraft:wither_skeleton":162,"alexscaves:grottoceratops":2,"enemyexpansion:wasp":1,"alexscaves:vallumraptor":5,"enemyexpansion:slugger":66},"minecraft:used":{"minecraft:netherite_sword":133,"minecraft:shield":2,"minecraft:tinted_glass":5,"minecraft:stone":28,"alexscaves:galena":34,"minecraft:torch":1,"minecraft:dirt":31,"minecraft:anvil":2,"minecraft:obsidian":1,"minecraft:netherite_shovel":131,"minecraft:bookshelf":3,"minecraft:iron_block":1,"minecraft:grass_block":11,"easy_villagers:iron_farm":1,"minecraft:mud_bricks":3,"minecraft:golden_carrot":1,"minecraft:netherite_pickaxe":341,"travelersbackpack:fox":1,"minecraft:cooked_mutton":3,"minecraft:water_bucket":41,"minecraft:baked_potato":102,"travelersbackpack:wither":1,"iceandfire:dragonbone_sword_ice":1,"iceandfire:dread_knight_sword":93,"iceandfire:dread_stone_bricks":10,"travelersbackpack:quartz":1,"iceandfire:dread_stone_bricks_mossy":4,"waystones:waystone":5,"minecraft:dark_prismarine":2,"travelersbackpack:netherite":1,"minecraft:netherite_axe":19,"minecraft:deepslate":286,"minecraft:cooked_porkchop":6,"minecraft:bucket":41,"call_of_yucutan:fist_of_doom":160,"iceandfire:dread_stone_bricks_cracked":19},"minecraft:killed_by":{"alexsmobs:froststalker":1,"minecraft:player":1,"iceandfire:cyclops":1,"iceandfire:ice_dragon":1,"minecraft:skeleton":2},"minecraft:picked_up":{"iceandfire:dread_stone_bricks":14,"alexscaves:tough_hide":7,"iceandfire:witherbone":2,"artifacts:bunny_hoppers":4,"minecraft:diamond_sword":1,"alexsmobs:roadrunner_feather":2,"enemyexpansion:wasp_thorax":1,"gravestone:obituary":1,"minecraft:shield":1,"alexscaves:metal_swarf":11,"artifacts:fire_gauntlet":3,"minecraft:gold_nugget":1,"iceandfire:dread_knight_sword":2,"iceandfire:dread_shard":37,"minecraft:tinted_glass":8,"minecraft:sugar_cane":2,"iceandfire:dragonscales_electric":3,"iceandfire:dragonbone":26,"minecraft:stone":30,"travelersbackpack:netherite":4,"minecraft:torch":3,"alexscaves:heavy_bone":11,"iceandfire:lightning_dragon_flesh":4,"iceandfire:crackled_gravel":2,"minecraft:stone_button":2,"aquamirae:esca":2,"minecraft:arrow":18,"minecraft:rotten_flesh":51,"minecraft:iron_block":1,"minecraft:gold_ingot":1,"minecraft:netherite_chestplate":1,"alexscaves:energized_galena_azure":3,"minecraft:obsidian":1,"minecraft:snowball":16,"minecraft:cobblestone":12,"minecraft:netherite_boots":1,"minecraft:feather":1,"minecraft:mud_bricks":3,"minecraft:golden_leggings":1,"iceandfire:dread_stone_bricks_cracked":22,"minecraft:wither_skeleton_skull":1,"minecraft:netherite_leggings":1,"minecraft:dirt":32,"minecraft:paper":2,"aquamirae:fin":5,"alexscaves:galena":112,"iceandfire:dragonbone_sword_ice":1,"minecraft:bone":34,"alexscaves:cooked_dinosaur_chop":16,"minecraft:wheat_seeds":4,"aquamirae:wisteria_niveis":1,"minecraft:iron_ingot":10,"minecraft:book":11,"minecraft:cooked_porkchop":6,"aquamirae:ship_graveyard_echo":1,"iceandfire:dragonscales_sapphire":15,"aquamirae:anglers_fang":2,"minecraft:gravel":5,"minecraft:grass_block":28,"iceandfire:frozen_dirt":1,"minecraft:dark_prismarine":2,"travelersbackpack:fox":1,"minecraft:deepslate":48,"minecraft:netherite_helmet":1,"artifacts:crystal_heart":4,"waystones:waystone":5,"iceandfire:dread_stone_bricks_mossy":4,"minecraft:crossbow":1,"iceandfire:ice_dragon_flesh":2,"minecraft:oak_sapling":1,"minecraft:coal":5},"minecraft:broken":{"minecraft:netherite_helmet":1,"minecraft:netherite_chestplate":1,"minecraft:shield":1,"minecraft:netherite_leggings":1,"minecraft:netherite_boots":1}},"DataVersion":3465}